MRI,project_id,event,time,IDH,TERT,MGMT
BraTS2021_01476,LGG,1,3.6575342465753424,Mutant,Not expressed,Unmethylated
BraTS2021_01477,LGG,0,5.008219178082192,Mutant,Expressed,Methylated
BraTS2021_01478,LGG,0,3.347945205479452,Mutant,Not expressed,Methylated
BraTS2021_01479,LGG,0,4.468493150684932,Mutant,Expressed,Methylated
BraTS2021_01480,LGG,1,0.5315068493150685,WT,Expressed,Unmethylated
BraTS2021_01481,LGG,1,1.473972602739726,WT,Expressed,Unmethylated
BraTS2021_01482,LGG,1,2.23013698630137,WT,Expressed,Unmethylated
BraTS2021_01483,LGG,0,4.295890410958904,Mutant,Not expressed,Methylated
BraTS2021_01484,LGG,0,3.912328767123288,Mutant,Not expressed,Methylated
BraTS2021_01485,LGG,0,4.161643835616438,Mutant,Expressed,Methylated
BraTS2021_01486,LGG,0,4.093150684931507,WT,Not expressed,Unmethylated
BraTS2021_01487,LGG,0,1.4547945205479451,Mutant,Not expressed,Unmethylated
BraTS2021_01488,LGG,0,0.7041095890410959,WT,Expressed,Unmethylated
BraTS2021_01489,LGG,0,0.5671232876712329,Mutant,Not expressed,Methylated
BraTS2021_01490,LGG,0,1.4575342465753425,Mutant,Not expressed,Methylated
BraTS2021_01491,LGG,0,1.263013698630137,Mutant,Expressed,Methylated
BraTS2021_01492,LGG,1,11.145205479452056,WT,Not expressed,Unmethylated
BraTS2021_01494,LGG,0,13.01917808219178,Mutant,Not expressed,Methylated
BraTS2021_01495,LGG,1,1.2493150684931509,Mutant,Not expressed,Methylated
BraTS2021_01496,LGG,1,9.783561643835617,,Not expressed,Methylated
BraTS2021_01497,LGG,0,7.564383561643836,Mutant,Not expressed,Methylated
BraTS2021_01498,LGG,1,2.556164383561644,Mutant,Expressed,Methylated
BraTS2021_01499,LGG,0,2.191780821917808,Mutant,Not expressed,Methylated
BraTS2021_01500,LGG,0,7.86027397260274,Mutant,Expressed,Methylated
BraTS2021_01501,LGG,1,1.578082191780822,Mutant,Not expressed,Methylated
BraTS2021_01502,LGG,1,3.668493150684931,Mutant,Not expressed,Methylated
BraTS2021_01503,LGG,1,5.167123287671233,Mutant,Expressed,Methylated
BraTS2021_01504,LGG,1,2.158904109589041,Mutant,Expressed,Methylated
BraTS2021_01505,LGG,0,5.024657534246575,Mutant,Expressed,Methylated
BraTS2021_01506,LGG,1,1.9424657534246568,Mutant,Not expressed,Methylated
BraTS2021_01507,LGG,0,3.4986301369863013,Mutant,Not expressed,Methylated
BraTS2021_01508,LGG,0,0.2301369863013698,Mutant,Not expressed,Methylated
BraTS2021_01509,LGG,1,1.2164383561643837,WT,Not expressed,Unmethylated
BraTS2021_01510,LGG,0,1.7835616438356163,Mutant,Expressed,Methylated
BraTS2021_01511,LGG,0,1.4136986301369865,Mutant,Not expressed,Methylated
BraTS2021_01512,LGG,0,1.2904109589041095,Mutant,Not expressed,Methylated
BraTS2021_01513,LGG,0,1.180821917808219,Mutant,Expressed,Methylated
BraTS2021_01514,LGG,0,2.4876712328767123,Mutant,Not expressed,Methylated
BraTS2021_01515,LGG,0,2.6410958904109587,Mutant,Not expressed,Methylated
BraTS2021_01516,LGG,0,2.0356164383561643,WT,Expressed,Methylated
BraTS2021_01517,LGG,0,2.180821917808219,Mutant,Not expressed,Methylated
BraTS2021_01518,LGG,0,2.0821917808219177,Mutant,Not expressed,Methylated
BraTS2021_01519,LGG,1,2.83013698630137,WT,Expressed,Methylated
BraTS2021_01520,LGG,0,1.747945205479452,Mutant,Not expressed,Methylated
BraTS2021_01521,LGG,0,1.8575342465753424,Mutant,Expressed,Methylated
BraTS2021_01522,LGG,0,4.35068493150685,Mutant,Expressed,Methylated
BraTS2021_01523,LGG,0,1.2438356164383562,Mutant,Not expressed,Methylated
BraTS2021_01524,LGG,0,3.4438356164383563,Mutant,Not expressed,Unmethylated
BraTS2021_01525,LGG,1,1.536986301369863,WT,Expressed,Methylated
BraTS2021_01526,LGG,0,1.2794520547945205,Mutant,Expressed,Methylated
BraTS2021_01527,LGG,0,3.1890410958904107,Mutant,Not expressed,Methylated
BraTS2021_01528,LGG,0,1.378082191780822,Mutant,Not expressed,Unmethylated
BraTS2021_01529,LGG,0,2.4876712328767123,Mutant,Not expressed,Methylated
BraTS2021_01530,LGG,0,0.0630136986301369,WT,Not expressed,Unmethylated
BraTS2021_01531,LGG,0,3.5616438356164384,Mutant,Not expressed,Methylated
BraTS2021_01532,LGG,0,0.0082191780821917,Mutant,Not expressed,Methylated
BraTS2021_01533,LGG,0,0.5753424657534246,Mutant,Not expressed,Methylated
BraTS2021_01534,LGG,0,0.3068493150684931,Mutant,Not expressed,Methylated
BraTS2021_01535,LGG,0,0.9397260273972604,Mutant,Not expressed,Methylated
BraTS2021_01536,LGG,1,3.156164383561644,Mutant,Not expressed,Methylated
BraTS2021_01663,LGG,0,0.0191780821917808,Mutant,Not expressed,Methylated
BraTS2021_01664,LGG,0,2.8493150684931505,Mutant,Not expressed,Methylated
BraTS2021_01665,LGG,0,2.356164383561644,Mutant,Not expressed,Unmethylated
BraTS2021_01666,LGG,0,0.5315068493150685,Mutant,,Methylated
BraTS2021_00113,GBM,1,1.5287671232876712,WT,,Unmethylated
BraTS2021_00149,GBM,1,0.8821917808219178,WT,,Unmethylated
BraTS2021_01003,GBM,1,1.726027397260274,WT,,Methylated
BraTS2021_01009,GBM,1,1.0136986301369864,WT,,Unmethylated
BraTS2021_01005,GBM,1,0.2356164383561644,WT,,Methylated
BraTS2021_01281,GBM,1,1.178082191780822,WT,,Unmethylated
BraTS2021_01282,GBM,1,0.3013698630136986,WT,,Unmethylated
BraTS2021_01283,GBM,1,0.5726027397260274,WT,,Methylated
BraTS2021_00123,GBM,1,1.227397260273973,WT,Expressed,Unmethylated
BraTS2021_00139,GBM,1,0.5452054794520548,WT,,Methylated
BraTS2021_01284,GBM,1,0.7972602739726027,,,
BraTS2021_01007,GBM,1,1.643835616438356,WT,,Methylated
BraTS2021_01289,GBM,1,2.202739726027397,WT,,
BraTS2021_00999,GBM,0,2.3917808219178083,WT,,Methylated
BraTS2021_01290,GBM,0,2.0876712328767124,WT,,
BraTS2021_00109,GBM,1,1.736986301369863,WT,,Methylated
BraTS2021_00100,GBM,1,4.276712328767124,WT,,Methylated
BraTS2021_00151,GBM,1,0.7342465753424657,WT,,Unmethylated
BraTS2021_01291,GBM,0,4.813698630136987,,,
BraTS2021_00102,GBM,1,2.252054794520548,WT,,Unmethylated
BraTS2021_01292,GBM,1,0.9726027397260274,,,
BraTS2021_01002,GBM,1,4.079452054794521,WT,,Unmethylated
BraTS2021_00143,GBM,1,0.2246575342465753,WT,,Methylated
BraTS2021_00121,GBM,1,0.5123287671232877,WT,,Unmethylated
BraTS2021_00831,GBM,1,1.0794520547945206,WT,Expressed,Unmethylated
BraTS2021_00137,GBM,1,2.2246575342465755,WT,,Unmethylated
BraTS2021_01296,GBM,1,2.0191780821917806,WT,Expressed,
BraTS2021_00142,GBM,1,0.9917808219178084,WT,,Unmethylated
BraTS2021_00132,GBM,1,0.1835616438356164,WT,,Unmethylated
BraTS2021_00120,GBM,1,0.1945205479452054,WT,,Methylated
BraTS2021_01297,GBM,1,0.7178082191780822,,,
BraTS2021_01298,GBM,1,1.1616438356164382,WT,,
BraTS2021_01300,GBM,1,0.9013698630136986,WT,Expressed,
BraTS2021_01302,GBM,1,0.284931506849315,,,
BraTS2021_01303,GBM,1,4.742465753424658,,,
BraTS2021_01441,GBM,0,7.583561643835616,WT,,
BraTS2021_01442,GBM,1,0.347945205479452,,,
BraTS2021_01443,GBM,1,1.6876712328767125,,,
BraTS2021_01444,GBM,1,0.3041095890410959,,,
BraTS2021_01445,GBM,1,5.824657534246575,WT,Expressed,
BraTS2021_01446,GBM,0,6.153424657534247,WT,,
BraTS2021_01447,GBM,1,2.2684931506849315,WT,Expressed,
BraTS2021_01448,GBM,1,3.7150684931506848,WT,,
BraTS2021_00147,GBM,1,0.8684931506849315,WT,Expressed,
BraTS2021_01449,GBM,1,3.246575342465753,WT,,
BraTS2021_01450,GBM,1,1.1095890410958904,WT,Expressed,
BraTS2021_01451,GBM,1,1.7013698630136986,WT,,
BraTS2021_01452,GBM,1,1.0520547945205478,WT,Expressed,
BraTS2021_01453,GBM,1,0.4794520547945205,WT,Expressed,
BraTS2021_01454,GBM,1,1.9945205479452053,WT,,Methylated
BraTS2021_00105,GBM,1,1.2767123287671234,,,Methylated
BraTS2021_00144,GBM,0,2.6246575342465754,Mutant,Not expressed,Methylated
BraTS2021_01455,GBM,1,0.978082191780822,WT,Expressed,Unmethylated
BraTS2021_00133,GBM,0,0.7342465753424657,WT,Expressed,Unmethylated
BraTS2021_00146,GBM,0,0.4246575342465753,Mutant,Expressed,Methylated
BraTS2021_00136,GBM,0,0.6493150684931507,Mutant,,Methylated
BraTS2021_01456,GBM,1,2.0465753424657533,WT,,
BraTS2021_01457,GBM,1,2.591780821917808,WT,,
BraTS2021_01458,GBM,1,0.2821917808219178,WT,,
BraTS2021_01459,GBM,1,1.282191780821918,WT,,
BraTS2021_01460,GBM,1,0.2246575342465753,WT,,
BraTS2021_01461,GBM,1,1.2794520547945205,WT,,
BraTS2021_01462,GBM,1,1.1643835616438356,WT,,
BraTS2021_01463,GBM,1,0.0602739726027397,WT,,
BraTS2021_01464,GBM,1,1.0465753424657531,,,
BraTS2021_01465,GBM,1,3.512328767123288,,,
BraTS2021_01466,GBM,1,0.8958904109589041,,,
BraTS2021_01467,GBM,1,1.7397260273972603,,,
BraTS2021_01468,GBM,1,1.227397260273973,WT,Expressed,
BraTS2021_01469,GBM,1,0.810958904109589,,,
BraTS2021_01470,GBM,1,1.715068493150685,WT,,Methylated
BraTS2021_00104,GBM,1,1.0191780821917809,,,Unmethylated
BraTS2021_00110,GBM,1,0.3315068493150685,,,Unmethylated
BraTS2021_00128,GBM,1,1.304109589041096,WT,,Methylated
BraTS2021_00140,GBM,1,0.9123287671232876,WT,Expressed,Unmethylated
BraTS2021_00134,GBM,0,3.4136986301369863,Mutant,,Unmethylated
BraTS2021_01471,GBM,1,0.0821917808219178,WT,,Unmethylated
BraTS2021_00116,GBM,1,0.6356164383561644,WT,Expressed,Unmethylated
BraTS2021_00150,GBM,0,0.3150684931506849,WT,,Unmethylated
BraTS2021_00124,GBM,1,1.189041095890411,,,Unmethylated
BraTS2021_00117,GBM,1,0.2712328767123287,WT,,Methylated
BraTS2021_00111,GBM,1,0.0136986301369863,WT,Expressed,Unmethylated
BraTS2021_00106,GBM,1,0.5835616438356165,WT,,Methylated
BraTS2021_01472,GBM,1,0.6684931506849315,WT,,Unmethylated
BraTS2021_00138,GBM,1,1.008219178082192,WT,,Methylated
BraTS2021_00130,GBM,1,1.1726027397260277,WT,,Unmethylated
BraTS2021_01473,GBM,1,1.2465753424657535,WT,Expressed,Unmethylated
BraTS2021_01474,GBM,1,3.994520547945205,WT,Expressed,Methylated
BraTS2021_01139,GBM,1,0.210958904109589,WT,,Methylated
BraTS2021_01140,GBM,1,3.0712328767123287,WT,,Methylated
BraTS2021_00148,GBM,1,1.3917808219178085,WT,,Unmethylated
BraTS2021_00108,GBM,1,0.2246575342465753,WT,,Unmethylated
BraTS2021_00107,GBM,1,0.947945205479452,WT,,Methylated
BraTS2021_01475,GBM,1,1.421917808219178,WT,,Unmethylated
BraTS2021_00122,GBM,1,0.6958904109589041,WT,,Unmethylated
BraTS2021_01141,GBM,1,0.4027397260273972,WT,,Methylated
BraTS2021_01142,GBM,1,0.4191780821917808,WT,,Methylated
BraTS2021_01143,GBM,1,1.991780821917808,WT,,Unmethylated
BraTS2021_01144,GBM,1,2.871232876712329,WT,,Unmethylated
BraTS2021_01145,GBM,1,1.5534246575342463,WT,,Unmethylated
BraTS2021_01146,GBM,0,3.016438356164384,WT,,Methylated
